"ED5","ED50","ED95","GroupingProperty","Date","Country","Site","Species","Genotype","Condition","Temperature","Timepoint","PAM","sampleID"
35.87,36.67,37.5,"MarHE_Poc_420_1",20241212,"MV","MarHE","Poc",1,"deep",39.5,"420",0,"20241212_MV_MarHE_Poc_01_39.5_420_deep"
35.87,36.67,37.5,"MarHE_Poc_420_1",20241212,"MV","MarHE","Poc",1,"deep",37,"420",0.155,"20241212_MV_MarHE_Poc_01_37_420_deep"
35.87,36.67,37.5,"MarHE_Poc_420_1",20241212,"MV","MarHE","Poc",1,"deep",34,"420",0.654,"20241212_MV_MarHE_Poc_01_34_420_deep"
35.87,36.67,37.5,"MarHE_Poc_420_1",20241212,"MV","MarHE","Poc",1,"deep",29.5,"420",0.651,"20241212_MV_MarHE_Poc_01_29.5_420_deep"
35.67,36.7,37.76,"MarHE_Poc_420_2",20241212,"MV","MarHE","Poc",2,"deep",39.5,"420",0,"20241212_MV_MarHE_Poc_02_39.5_420_deep"
35.67,36.7,37.76,"MarHE_Poc_420_2",20241212,"MV","MarHE","Poc",2,"deep",37,"420",0.194,"20241212_MV_MarHE_Poc_02_37_420_deep"
35.67,36.7,37.76,"MarHE_Poc_420_2",20241212,"MV","MarHE","Poc",2,"deep",34,"420",0.633,"20241212_MV_MarHE_Poc_02_34_420_deep"
35.67,36.7,37.76,"MarHE_Poc_420_2",20241212,"MV","MarHE","Poc",2,"deep",29.5,"420",0.655,"20241212_MV_MarHE_Poc_02_29.5_420_deep"
33.46,35.54,37.75,"MarHE_Poc_420_3",20241212,"MV","MarHE","Poc",3,"deep",39.5,"420",0,"20241212_MV_MarHE_Poc_03_39.5_420_deep"
33.46,35.54,37.75,"MarHE_Poc_420_3",20241212,"MV","MarHE","Poc",3,"deep",37,"420",0.077,"20241212_MV_MarHE_Poc_03_37_420_deep"
33.46,35.54,37.75,"MarHE_Poc_420_3",20241212,"MV","MarHE","Poc",3,"deep",34,"420",0.56,"20241212_MV_MarHE_Poc_03_34_420_deep"
33.46,35.54,37.75,"MarHE_Poc_420_3",20241212,"MV","MarHE","Poc",3,"deep",29.5,"420",0.625,"20241212_MV_MarHE_Poc_03_29.5_420_deep"
36.23,37.26,38.32,"MarHE_Poc_420_4",20241212,"MV","MarHE","Poc",4,"deep",39.5,"420",0,"20241212_MV_MarHE_Poc_04_39.5_420_deep"
36.23,37.26,38.32,"MarHE_Poc_420_4",20241212,"MV","MarHE","Poc",4,"deep",37,"420",0.408,"20241212_MV_MarHE_Poc_04_37_420_deep"
36.23,37.26,38.32,"MarHE_Poc_420_4",20241212,"MV","MarHE","Poc",4,"deep",34,"420",0.602,"20241212_MV_MarHE_Poc_04_34_420_deep"
36.23,37.26,38.32,"MarHE_Poc_420_4",20241212,"MV","MarHE","Poc",4,"deep",29.5,"420",0.604,"20241212_MV_MarHE_Poc_04_29.5_420_deep"
33.18,35.95,38.95,"MarHE_Poc_420_5",20241212,"MV","MarHE","Poc",5,"deep",39.5,"420",0,"20241212_MV_MarHE_Poc_05_39.5_420_deep"
33.18,35.95,38.95,"MarHE_Poc_420_5",20241212,"MV","MarHE","Poc",5,"deep",37,"420",0.167,"20241212_MV_MarHE_Poc_05_37_420_deep"
33.18,35.95,38.95,"MarHE_Poc_420_5",20241212,"MV","MarHE","Poc",5,"deep",34,"420",0.551,"20241212_MV_MarHE_Poc_05_34_420_deep"
33.18,35.95,38.95,"MarHE_Poc_420_5",20241212,"MV","MarHE","Poc",5,"deep",29.5,"420",0.63,"20241212_MV_MarHE_Poc_05_29.5_420_deep"
35.55,36.7,37.89,"MarHE_Poc_420_6",20241212,"MV","MarHE","Poc",6,"shallow",39.5,"420",0,"20241212_MV_MarHE_Poc_06_39.5_420_shallow"
35.55,36.7,37.89,"MarHE_Poc_420_6",20241212,"MV","MarHE","Poc",6,"shallow",37,"420",0.206,"20241212_MV_MarHE_Poc_06_37_420_shallow"
35.55,36.7,37.89,"MarHE_Poc_420_6",20241212,"MV","MarHE","Poc",6,"shallow",34,"420",0.631,"20241212_MV_MarHE_Poc_06_34_420_shallow"
35.55,36.7,37.89,"MarHE_Poc_420_6",20241212,"MV","MarHE","Poc",6,"shallow",29.5,"420",0.65,"20241212_MV_MarHE_Poc_06_29.5_420_shallow"
34.05,35.75,37.53,"MarHE_Poc_420_7",20241212,"MV","MarHE","Poc",7,"shallow",39.5,"420",0,"20241212_MV_MarHE_Poc_07_39.5_420_shallow"
34.05,35.75,37.53,"MarHE_Poc_420_7",20241212,"MV","MarHE","Poc",7,"shallow",37,"420",0.072,"20241212_MV_MarHE_Poc_07_37_420_shallow"
34.05,35.75,37.53,"MarHE_Poc_420_7",20241212,"MV","MarHE","Poc",7,"shallow",34,"420",0.62,"20241212_MV_MarHE_Poc_07_34_420_shallow"
34.05,35.75,37.53,"MarHE_Poc_420_7",20241212,"MV","MarHE","Poc",7,"shallow",29.5,"420",0.649,"20241212_MV_MarHE_Poc_07_29.5_420_shallow"
36.37,38.18,40.08,"MarHE_Poc_420_8",20241212,"MV","MarHE","Poc",8,"shallow",39.5,"420",0.071,"20241212_MV_MarHE_Poc_08_39.5_420_shallow"
36.37,38.18,40.08,"MarHE_Poc_420_8",20241212,"MV","MarHE","Poc",8,"shallow",37,"420",0.548,"20241212_MV_MarHE_Poc_08_37_420_shallow"
36.37,38.18,40.08,"MarHE_Poc_420_8",20241212,"MV","MarHE","Poc",8,"shallow",34,"420",0.637,"20241212_MV_MarHE_Poc_08_34_420_shallow"
36.37,38.18,40.08,"MarHE_Poc_420_8",20241212,"MV","MarHE","Poc",8,"shallow",29.5,"420",0.623,"20241212_MV_MarHE_Poc_08_29.5_420_shallow"
36.49,36.85,37.22,"MarHE_Poc_420_9",20241212,"MV","MarHE","Poc",9,"shallow",39.5,"420",0.006,"20241212_MV_MarHE_Poc_09_39.5_420_shallow"
36.49,36.85,37.22,"MarHE_Poc_420_9",20241212,"MV","MarHE","Poc",9,"shallow",37,"420",0.146,"20241212_MV_MarHE_Poc_09_37_420_shallow"
36.49,36.85,37.22,"MarHE_Poc_420_9",20241212,"MV","MarHE","Poc",9,"shallow",34,"420",0.656,"20241212_MV_MarHE_Poc_09_34_420_shallow"
36.49,36.85,37.22,"MarHE_Poc_420_9",20241212,"MV","MarHE","Poc",9,"shallow",29.5,"420",0.613,"20241212_MV_MarHE_Poc_09_29.5_420_shallow"
36.3,36.98,37.68,"MarHE_Poc_420_10",20241212,"MV","MarHE","Poc",10,"shallow",39.5,"420",0,"20241212_MV_MarHE_Poc_10_39.5_420_shallow"
36.3,36.98,37.68,"MarHE_Poc_420_10",20241212,"MV","MarHE","Poc",10,"shallow",37,"420",0.303,"20241212_MV_MarHE_Poc_10_37_420_shallow"
36.3,36.98,37.68,"MarHE_Poc_420_10",20241212,"MV","MarHE","Poc",10,"shallow",34,"420",0.62,"20241212_MV_MarHE_Poc_10_34_420_shallow"
36.3,36.98,37.68,"MarHE_Poc_420_10",20241212,"MV","MarHE","Poc",10,"shallow",29.5,"420",0.636,"20241212_MV_MarHE_Poc_10_29.5_420_shallow"
35.95,37.71,39.55,"MarHE_Por_420_1",20241212,"MV","MarHE","Por",1,"deep",39.5,"420",0.031,"20241212_MV_MarHE_Por_01_39.5_420_deep"
35.95,37.71,39.55,"MarHE_Por_420_1",20241212,"MV","MarHE","Por",1,"deep",37,"420",0.432,"20241212_MV_MarHE_Por_01_37_420_deep"
35.95,37.71,39.55,"MarHE_Por_420_1",20241212,"MV","MarHE","Por",1,"deep",34,"420",0.575,"20241212_MV_MarHE_Por_01_34_420_deep"
35.95,37.71,39.55,"MarHE_Por_420_1",20241212,"MV","MarHE","Por",1,"deep",29.5,"420",0.556,"20241212_MV_MarHE_Por_01_29.5_420_deep"
36.11,37.57,39.09,"MarHE_Por_420_2",20241212,"MV","MarHE","Por",2,"deep",39.5,"420",0.013,"20241212_MV_MarHE_Por_02_39.5_420_deep"
36.11,37.57,39.09,"MarHE_Por_420_2",20241212,"MV","MarHE","Por",2,"deep",37,"420",0.428,"20241212_MV_MarHE_Por_02_37_420_deep"
36.11,37.57,39.09,"MarHE_Por_420_2",20241212,"MV","MarHE","Por",2,"deep",34,"420",0.567,"20241212_MV_MarHE_Por_02_34_420_deep"
36.11,37.57,39.09,"MarHE_Por_420_2",20241212,"MV","MarHE","Por",2,"deep",29.5,"420",0.566,"20241212_MV_MarHE_Por_02_29.5_420_deep"
36.21,37.52,38.88,"MarHE_Por_420_3",20241212,"MV","MarHE","Por",3,"deep",39.5,"420",0.008,"20241212_MV_MarHE_Por_03_39.5_420_deep"
36.21,37.52,38.88,"MarHE_Por_420_3",20241212,"MV","MarHE","Por",3,"deep",37,"420",0.462,"20241212_MV_MarHE_Por_03_37_420_deep"
36.21,37.52,38.88,"MarHE_Por_420_3",20241212,"MV","MarHE","Por",3,"deep",34,"420",0.604,"20241212_MV_MarHE_Por_03_34_420_deep"
36.21,37.52,38.88,"MarHE_Por_420_3",20241212,"MV","MarHE","Por",3,"deep",29.5,"420",0.608,"20241212_MV_MarHE_Por_03_29.5_420_deep"
36.29,37.55,38.87,"MarHE_Por_420_4",20241212,"MV","MarHE","Por",4,"deep",39.5,"420",0.007,"20241212_MV_MarHE_Por_04_39.5_420_deep"
36.29,37.55,38.87,"MarHE_Por_420_4",20241212,"MV","MarHE","Por",4,"deep",37,"420",0.46,"20241212_MV_MarHE_Por_04_37_420_deep"
36.29,37.55,38.87,"MarHE_Por_420_4",20241212,"MV","MarHE","Por",4,"deep",34,"420",0.587,"20241212_MV_MarHE_Por_04_34_420_deep"
36.29,37.55,38.87,"MarHE_Por_420_4",20241212,"MV","MarHE","Por",4,"deep",29.5,"420",0.591,"20241212_MV_MarHE_Por_04_29.5_420_deep"
34.9,36.77,38.75,"MarHE_Por_420_5",20241212,"MV","MarHE","Por",5,"deep",39.5,"420",0,"20241212_MV_MarHE_Por_05_39.5_420_deep"
34.9,36.77,38.75,"MarHE_Por_420_5",20241212,"MV","MarHE","Por",5,"deep",37,"420",0.246,"20241212_MV_MarHE_Por_05_37_420_deep"
34.9,36.77,38.75,"MarHE_Por_420_5",20241212,"MV","MarHE","Por",5,"deep",34,"420",0.573,"20241212_MV_MarHE_Por_05_34_420_deep"
34.9,36.77,38.75,"MarHE_Por_420_5",20241212,"MV","MarHE","Por",5,"deep",29.5,"420",0.602,"20241212_MV_MarHE_Por_05_29.5_420_deep"
36.02,37.86,39.79,"MarHE_Por_420_6",20241212,"MV","MarHE","Por",6,"shallow",39.5,"420",0.045,"20241212_MV_MarHE_Por_06_39.5_420_shallow"
36.02,37.86,39.79,"MarHE_Por_420_6",20241212,"MV","MarHE","Por",6,"shallow",37,"420",0.476,"20241212_MV_MarHE_Por_06_37_420_shallow"
36.02,37.86,39.79,"MarHE_Por_420_6",20241212,"MV","MarHE","Por",6,"shallow",34,"420",0.601,"20241212_MV_MarHE_Por_06_34_420_shallow"
36.02,37.86,39.79,"MarHE_Por_420_6",20241212,"MV","MarHE","Por",6,"shallow",29.5,"420",0.595,"20241212_MV_MarHE_Por_06_29.5_420_shallow"
36.59,37.83,39.11,"MarHE_Por_420_7",20241212,"MV","MarHE","Por",7,"shallow",39.5,"420",0.012,"20241212_MV_MarHE_Por_07_39.5_420_shallow"
36.59,37.83,39.11,"MarHE_Por_420_7",20241212,"MV","MarHE","Por",7,"shallow",37,"420",0.492,"20241212_MV_MarHE_Por_07_37_420_shallow"
36.59,37.83,39.11,"MarHE_Por_420_7",20241212,"MV","MarHE","Por",7,"shallow",34,"420",0.57,"20241212_MV_MarHE_Por_07_34_420_shallow"
36.59,37.83,39.11,"MarHE_Por_420_7",20241212,"MV","MarHE","Por",7,"shallow",29.5,"420",0.554,"20241212_MV_MarHE_Por_07_29.5_420_shallow"
36.45,37.33,38.23,"MarHE_Por_420_8",20241212,"MV","MarHE","Por",8,"shallow",39.5,"420",0,"20241212_MV_MarHE_Por_08_39.5_420_shallow"
36.45,37.33,38.23,"MarHE_Por_420_8",20241212,"MV","MarHE","Por",8,"shallow",37,"420",0.427,"20241212_MV_MarHE_Por_08_37_420_shallow"
36.45,37.33,38.23,"MarHE_Por_420_8",20241212,"MV","MarHE","Por",8,"shallow",34,"420",0.588,"20241212_MV_MarHE_Por_08_34_420_shallow"
36.45,37.33,38.23,"MarHE_Por_420_8",20241212,"MV","MarHE","Por",8,"shallow",29.5,"420",0.552,"20241212_MV_MarHE_Por_08_29.5_420_shallow"
36.45,37.4,38.38,"MarHE_Por_420_9",20241212,"MV","MarHE","Por",9,"shallow",39.5,"420",0,"20241212_MV_MarHE_Por_09_39.5_420_shallow"
36.45,37.4,38.38,"MarHE_Por_420_9",20241212,"MV","MarHE","Por",9,"shallow",37,"420",0.437,"20241212_MV_MarHE_Por_09_37_420_shallow"
36.45,37.4,38.38,"MarHE_Por_420_9",20241212,"MV","MarHE","Por",9,"shallow",34,"420",0.568,"20241212_MV_MarHE_Por_09_34_420_shallow"
36.45,37.4,38.38,"MarHE_Por_420_9",20241212,"MV","MarHE","Por",9,"shallow",29.5,"420",0.561,"20241212_MV_MarHE_Por_09_29.5_420_shallow"
36.87,38.14,39.46,"MarHE_Por_420_10",20241212,"MV","MarHE","Por",10,"shallow",39.5,"420",0.027,"20241212_MV_MarHE_Por_10_39.5_420_shallow"
36.87,38.14,39.46,"MarHE_Por_420_10",20241212,"MV","MarHE","Por",10,"shallow",37,"420",0.547,"20241212_MV_MarHE_Por_10_37_420_shallow"
36.87,38.14,39.46,"MarHE_Por_420_10",20241212,"MV","MarHE","Por",10,"shallow",34,"420",0.602,"20241212_MV_MarHE_Por_10_34_420_shallow"
36.87,38.14,39.46,"MarHE_Por_420_10",20241212,"MV","MarHE","Por",10,"shallow",29.5,"420",0.57,"20241212_MV_MarHE_Por_10_29.5_420_shallow"
34.18,35.68,37.25,"MarHE_Poc_1080_1",20241212,"MV","MarHE","Poc",1,"deep",39.5,"1080",0,"20241212_MV_MarHE_Poc_01_39.5_1080_deep"
34.18,35.68,37.25,"MarHE_Poc_1080_1",20241212,"MV","MarHE","Poc",1,"deep",37,"1080",0.051,"20241212_MV_MarHE_Poc_01_37_1080_deep"
34.18,35.68,37.25,"MarHE_Poc_1080_1",20241212,"MV","MarHE","Poc",1,"deep",34,"1080",0.642,"20241212_MV_MarHE_Poc_01_34_1080_deep"
34.18,35.68,37.25,"MarHE_Poc_1080_1",20241212,"MV","MarHE","Poc",1,"deep",29.5,"1080",0.665,"20241212_MV_MarHE_Poc_01_29.5_1080_deep"
33.84,35.39,37.01,"MarHE_Poc_1080_2",20241212,"MV","MarHE","Poc",2,"deep",39.5,"1080",0.024,"20241212_MV_MarHE_Poc_02_39.5_1080_deep"
33.84,35.39,37.01,"MarHE_Poc_1080_2",20241212,"MV","MarHE","Poc",2,"deep",37,"1080",0.033,"20241212_MV_MarHE_Poc_02_37_1080_deep"
33.84,35.39,37.01,"MarHE_Poc_1080_2",20241212,"MV","MarHE","Poc",2,"deep",34,"1080",0.616,"20241212_MV_MarHE_Poc_02_34_1080_deep"
33.84,35.39,37.01,"MarHE_Poc_1080_2",20241212,"MV","MarHE","Poc",2,"deep",29.5,"1080",0.66,"20241212_MV_MarHE_Poc_02_29.5_1080_deep"
34.79,36.11,37.49,"MarHE_Poc_1080_3",20241212,"MV","MarHE","Poc",3,"deep",39.5,"1080",0.024,"20241212_MV_MarHE_Poc_03_39.5_1080_deep"
34.79,36.11,37.49,"MarHE_Poc_1080_3",20241212,"MV","MarHE","Poc",3,"deep",37,"1080",0.081,"20241212_MV_MarHE_Poc_03_37_1080_deep"
34.79,36.11,37.49,"MarHE_Poc_1080_3",20241212,"MV","MarHE","Poc",3,"deep",34,"1080",0.625,"20241212_MV_MarHE_Poc_03_34_1080_deep"
34.79,36.11,37.49,"MarHE_Poc_1080_3",20241212,"MV","MarHE","Poc",3,"deep",29.5,"1080",0.626,"20241212_MV_MarHE_Poc_03_29.5_1080_deep"
36.17,37.27,38.41,"MarHE_Poc_1080_4",20241212,"MV","MarHE","Poc",4,"deep",39.5,"1080",0,"20241212_MV_MarHE_Poc_04_39.5_1080_deep"
36.17,37.27,38.41,"MarHE_Poc_1080_4",20241212,"MV","MarHE","Poc",4,"deep",37,"1080",0.414,"20241212_MV_MarHE_Poc_04_37_1080_deep"
36.17,37.27,38.41,"MarHE_Poc_1080_4",20241212,"MV","MarHE","Poc",4,"deep",34,"1080",0.616,"20241212_MV_MarHE_Poc_04_34_1080_deep"
36.17,37.27,38.41,"MarHE_Poc_1080_4",20241212,"MV","MarHE","Poc",4,"deep",29.5,"1080",0.617,"20241212_MV_MarHE_Poc_04_29.5_1080_deep"
33.31,35.56,37.95,"MarHE_Poc_1080_5",20241212,"MV","MarHE","Poc",5,"deep",39.5,"1080",0,"20241212_MV_MarHE_Poc_05_39.5_1080_deep"
33.31,35.56,37.95,"MarHE_Poc_1080_5",20241212,"MV","MarHE","Poc",5,"deep",37,"1080",0.094,"20241212_MV_MarHE_Poc_05_37_1080_deep"
33.31,35.56,37.95,"MarHE_Poc_1080_5",20241212,"MV","MarHE","Poc",5,"deep",34,"1080",0.578,"20241212_MV_MarHE_Poc_05_34_1080_deep"
33.31,35.56,37.95,"MarHE_Poc_1080_5",20241212,"MV","MarHE","Poc",5,"deep",29.5,"1080",0.655,"20241212_MV_MarHE_Poc_05_29.5_1080_deep"
34.04,35.15,36.31,"MarHE_Poc_1080_6",20241212,"MV","MarHE","Poc",6,"shallow",39.5,"1080",0,"20241212_MV_MarHE_Poc_06_39.5_1080_shallow"
34.04,35.15,36.31,"MarHE_Poc_1080_6",20241212,"MV","MarHE","Poc",6,"shallow",37,"1080",0.006,"20241212_MV_MarHE_Poc_06_37_1080_shallow"
34.04,35.15,36.31,"MarHE_Poc_1080_6",20241212,"MV","MarHE","Poc",6,"shallow",34,"1080",0.622,"20241212_MV_MarHE_Poc_06_34_1080_shallow"
34.04,35.15,36.31,"MarHE_Poc_1080_6",20241212,"MV","MarHE","Poc",6,"shallow",29.5,"1080",0.652,"20241212_MV_MarHE_Poc_06_29.5_1080_shallow"
34.67,35.99,37.36,"MarHE_Poc_1080_7",20241212,"MV","MarHE","Poc",7,"shallow",39.5,"1080",0.054,"20241212_MV_MarHE_Poc_07_39.5_1080_shallow"
34.67,35.99,37.36,"MarHE_Poc_1080_7",20241212,"MV","MarHE","Poc",7,"shallow",37,"1080",0.067,"20241212_MV_MarHE_Poc_07_37_1080_shallow"
34.67,35.99,37.36,"MarHE_Poc_1080_7",20241212,"MV","MarHE","Poc",7,"shallow",34,"1080",0.659,"20241212_MV_MarHE_Poc_07_34_1080_shallow"
34.67,35.99,37.36,"MarHE_Poc_1080_7",20241212,"MV","MarHE","Poc",7,"shallow",29.5,"1080",0.661,"20241212_MV_MarHE_Poc_07_29.5_1080_shallow"
36.41,37.45,38.52,"MarHE_Poc_1080_8",20241212,"MV","MarHE","Poc",8,"shallow",39.5,"1080",0,"20241212_MV_MarHE_Poc_08_39.5_1080_shallow"
36.41,37.45,38.52,"MarHE_Poc_1080_8",20241212,"MV","MarHE","Poc",8,"shallow",37,"1080",0.49,"20241212_MV_MarHE_Poc_08_37_1080_shallow"
36.41,37.45,38.52,"MarHE_Poc_1080_8",20241212,"MV","MarHE","Poc",8,"shallow",34,"1080",0.626,"20241212_MV_MarHE_Poc_08_34_1080_shallow"
36.41,37.45,38.52,"MarHE_Poc_1080_8",20241212,"MV","MarHE","Poc",8,"shallow",29.5,"1080",0.632,"20241212_MV_MarHE_Poc_08_29.5_1080_shallow"
35.56,36.28,37.01,"MarHE_Poc_1080_9",20241212,"MV","MarHE","Poc",9,"shallow",39.5,"1080",0.035,"20241212_MV_MarHE_Poc_09_39.5_1080_shallow"
35.56,36.28,37.01,"MarHE_Poc_1080_9",20241212,"MV","MarHE","Poc",9,"shallow",37,"1080",0.034,"20241212_MV_MarHE_Poc_09_37_1080_shallow"
35.56,36.28,37.01,"MarHE_Poc_1080_9",20241212,"MV","MarHE","Poc",9,"shallow",34,"1080",0.666,"20241212_MV_MarHE_Poc_09_34_1080_shallow"
35.56,36.28,37.01,"MarHE_Poc_1080_9",20241212,"MV","MarHE","Poc",9,"shallow",29.5,"1080",0.631,"20241212_MV_MarHE_Poc_09_29.5_1080_shallow"
34.6,36.58,38.67,"MarHE_Poc_1080_10",20241212,"MV","MarHE","Poc",10,"shallow",39.5,"1080",0.011,"20241212_MV_MarHE_Poc_10_39.5_1080_shallow"
34.6,36.58,38.67,"MarHE_Poc_1080_10",20241212,"MV","MarHE","Poc",10,"shallow",37,"1080",0.224,"20241212_MV_MarHE_Poc_10_37_1080_shallow"
34.6,36.58,38.67,"MarHE_Poc_1080_10",20241212,"MV","MarHE","Poc",10,"shallow",34,"1080",0.623,"20241212_MV_MarHE_Poc_10_34_1080_shallow"
34.6,36.58,38.67,"MarHE_Poc_1080_10",20241212,"MV","MarHE","Poc",10,"shallow",29.5,"1080",0.636,"20241212_MV_MarHE_Poc_10_29.5_1080_shallow"
36.03,37.74,39.54,"MarHE_Por_1080_1",20241212,"MV","MarHE","Por",1,"deep",39.5,"1080",0.031,"20241212_MV_MarHE_Por_01_39.5_1080_deep"
36.03,37.74,39.54,"MarHE_Por_1080_1",20241212,"MV","MarHE","Por",1,"deep",37,"1080",0.456,"20241212_MV_MarHE_Por_01_37_1080_deep"
36.03,37.74,39.54,"MarHE_Por_1080_1",20241212,"MV","MarHE","Por",1,"deep",34,"1080",0.589,"20241212_MV_MarHE_Por_01_34_1080_deep"
36.03,37.74,39.54,"MarHE_Por_1080_1",20241212,"MV","MarHE","Por",1,"deep",29.5,"1080",0.582,"20241212_MV_MarHE_Por_01_29.5_1080_deep"
36.27,37.33,38.42,"MarHE_Por_1080_2",20241212,"MV","MarHE","Por",2,"deep",39.5,"1080",0,"20241212_MV_MarHE_Por_02_39.5_1080_deep"
36.27,37.33,38.42,"MarHE_Por_1080_2",20241212,"MV","MarHE","Por",2,"deep",37,"1080",0.428,"20241212_MV_MarHE_Por_02_37_1080_deep"
36.27,37.33,38.42,"MarHE_Por_1080_2",20241212,"MV","MarHE","Por",2,"deep",34,"1080",0.604,"20241212_MV_MarHE_Por_02_34_1080_deep"
36.27,37.33,38.42,"MarHE_Por_1080_2",20241212,"MV","MarHE","Por",2,"deep",29.5,"1080",0.597,"20241212_MV_MarHE_Por_02_29.5_1080_deep"
35.93,37.42,38.97,"MarHE_Por_1080_3",20241212,"MV","MarHE","Por",3,"deep",39.5,"1080",0.012,"20241212_MV_MarHE_Por_03_39.5_1080_deep"
35.93,37.42,38.97,"MarHE_Por_1080_3",20241212,"MV","MarHE","Por",3,"deep",37,"1080",0.422,"20241212_MV_MarHE_Por_03_37_1080_deep"
35.93,37.42,38.97,"MarHE_Por_1080_3",20241212,"MV","MarHE","Por",3,"deep",34,"1080",0.611,"20241212_MV_MarHE_Por_03_34_1080_deep"
35.93,37.42,38.97,"MarHE_Por_1080_3",20241212,"MV","MarHE","Por",3,"deep",29.5,"1080",0.606,"20241212_MV_MarHE_Por_03_29.5_1080_deep"
36.15,37.79,39.5,"MarHE_Por_1080_4",20241212,"MV","MarHE","Por",4,"deep",39.5,"1080",0.029,"20241212_MV_MarHE_Por_04_39.5_1080_deep"
36.15,37.79,39.5,"MarHE_Por_1080_4",20241212,"MV","MarHE","Por",4,"deep",37,"1080",0.468,"20241212_MV_MarHE_Por_04_37_1080_deep"
36.15,37.79,39.5,"MarHE_Por_1080_4",20241212,"MV","MarHE","Por",4,"deep",34,"1080",0.581,"20241212_MV_MarHE_Por_04_34_1080_deep"
36.15,37.79,39.5,"MarHE_Por_1080_4",20241212,"MV","MarHE","Por",4,"deep",29.5,"1080",0.586,"20241212_MV_MarHE_Por_04_29.5_1080_deep"
35.73,36.89,38.09,"MarHE_Por_1080_5",20241212,"MV","MarHE","Por",5,"deep",39.5,"1080",0,"20241212_MV_MarHE_Por_05_39.5_1080_deep"
35.73,36.89,38.09,"MarHE_Por_1080_5",20241212,"MV","MarHE","Por",5,"deep",37,"1080",0.256,"20241212_MV_MarHE_Por_05_37_1080_deep"
35.73,36.89,38.09,"MarHE_Por_1080_5",20241212,"MV","MarHE","Por",5,"deep",34,"1080",0.601,"20241212_MV_MarHE_Por_05_34_1080_deep"
35.73,36.89,38.09,"MarHE_Por_1080_5",20241212,"MV","MarHE","Por",5,"deep",29.5,"1080",0.582,"20241212_MV_MarHE_Por_05_29.5_1080_deep"
35.95,37.46,39.04,"MarHE_Por_1080_6",20241212,"MV","MarHE","Por",6,"shallow",39.5,"1080",0.012,"20241212_MV_MarHE_Por_06_39.5_1080_shallow"
35.95,37.46,39.04,"MarHE_Por_1080_6",20241212,"MV","MarHE","Por",6,"shallow",37,"1080",0.409,"20241212_MV_MarHE_Por_06_37_1080_shallow"
35.95,37.46,39.04,"MarHE_Por_1080_6",20241212,"MV","MarHE","Por",6,"shallow",34,"1080",0.561,"20241212_MV_MarHE_Por_06_34_1080_shallow"
35.95,37.46,39.04,"MarHE_Por_1080_6",20241212,"MV","MarHE","Por",6,"shallow",29.5,"1080",0.594,"20241212_MV_MarHE_Por_06_29.5_1080_shallow"
36.18,37.7,39.28,"MarHE_Por_1080_7",20241212,"MV","MarHE","Por",7,"shallow",39.5,"1080",0.019,"20241212_MV_MarHE_Por_07_39.5_1080_shallow"
36.18,37.7,39.28,"MarHE_Por_1080_7",20241212,"MV","MarHE","Por",7,"shallow",37,"1080",0.44,"20241212_MV_MarHE_Por_07_37_1080_shallow"
36.18,37.7,39.28,"MarHE_Por_1080_7",20241212,"MV","MarHE","Por",7,"shallow",34,"1080",0.558,"20241212_MV_MarHE_Por_07_34_1080_shallow"
36.18,37.7,39.28,"MarHE_Por_1080_7",20241212,"MV","MarHE","Por",7,"shallow",29.5,"1080",0.551,"20241212_MV_MarHE_Por_07_29.5_1080_shallow"
35.26,37.13,39.11,"MarHE_Por_1080_8",20241212,"MV","MarHE","Por",8,"shallow",39.5,"1080",0.021,"20241212_MV_MarHE_Por_08_39.5_1080_shallow"
35.26,37.13,39.11,"MarHE_Por_1080_8",20241212,"MV","MarHE","Por",8,"shallow",37,"1080",0.309,"20241212_MV_MarHE_Por_08_37_1080_shallow"
35.26,37.13,39.11,"MarHE_Por_1080_8",20241212,"MV","MarHE","Por",8,"shallow",34,"1080",0.574,"20241212_MV_MarHE_Por_08_34_1080_shallow"
35.26,37.13,39.11,"MarHE_Por_1080_8",20241212,"MV","MarHE","Por",8,"shallow",29.5,"1080",0.547,"20241212_MV_MarHE_Por_08_29.5_1080_shallow"
36.14,37.4,38.7,"MarHE_Por_1080_9",20241212,"MV","MarHE","Por",9,"shallow",39.5,"1080",0.005,"20241212_MV_MarHE_Por_09_39.5_1080_shallow"
36.14,37.4,38.7,"MarHE_Por_1080_9",20241212,"MV","MarHE","Por",9,"shallow",37,"1080",0.405,"20241212_MV_MarHE_Por_09_37_1080_shallow"
36.14,37.4,38.7,"MarHE_Por_1080_9",20241212,"MV","MarHE","Por",9,"shallow",34,"1080",0.57,"20241212_MV_MarHE_Por_09_34_1080_shallow"
36.14,37.4,38.7,"MarHE_Por_1080_9",20241212,"MV","MarHE","Por",9,"shallow",29.5,"1080",0.563,"20241212_MV_MarHE_Por_09_29.5_1080_shallow"
36.38,37.58,38.82,"MarHE_Por_1080_10",20241212,"MV","MarHE","Por",10,"shallow",39.5,"1080",0.007,"20241212_MV_MarHE_Por_10_39.5_1080_shallow"
36.38,37.58,38.82,"MarHE_Por_1080_10",20241212,"MV","MarHE","Por",10,"shallow",37,"1080",0.472,"20241212_MV_MarHE_Por_10_37_1080_shallow"
36.38,37.58,38.82,"MarHE_Por_1080_10",20241212,"MV","MarHE","Por",10,"shallow",34,"1080",0.592,"20241212_MV_MarHE_Por_10_34_1080_shallow"
36.38,37.58,38.82,"MarHE_Por_1080_10",20241212,"MV","MarHE","Por",10,"shallow",29.5,"1080",0.582,"20241212_MV_MarHE_Por_10_29.5_1080_shallow"
33.58,36.55,39.78,"MarHE_Dip_T1_1",20241214,"MV","MarHE","Dip",1,"deep",39.5,"T1",0,"20241214_MV_MarHE_Dip_01_39.5_T1_deep"
33.58,36.55,39.78,"MarHE_Dip_T1_1",20241214,"MV","MarHE","Dip",1,"deep",37,"T1",0.281,"20241214_MV_MarHE_Dip_01_37_T1_deep"
33.58,36.55,39.78,"MarHE_Dip_T1_1",20241214,"MV","MarHE","Dip",1,"deep",34,"T1",0.586,"20241214_MV_MarHE_Dip_01_34_T1_deep"
33.58,36.55,39.78,"MarHE_Dip_T1_1",20241214,"MV","MarHE","Dip",1,"deep",29.5,"T1",0.685,"20241214_MV_MarHE_Dip_01_29.5_T1_deep"
35.46,37.12,38.86,"MarHE_Dip_T1_2",20241214,"MV","MarHE","Dip",2,"deep",39.5,"T1",0,"20241214_MV_MarHE_Dip_02_39.5_T1_deep"
35.46,37.12,38.86,"MarHE_Dip_T1_2",20241214,"MV","MarHE","Dip",2,"deep",37,"T1",0.373,"20241214_MV_MarHE_Dip_02_37_T1_deep"
35.46,37.12,38.86,"MarHE_Dip_T1_2",20241214,"MV","MarHE","Dip",2,"deep",34,"T1",0.622,"20241214_MV_MarHE_Dip_02_34_T1_deep"
35.46,37.12,38.86,"MarHE_Dip_T1_2",20241214,"MV","MarHE","Dip",2,"deep",29.5,"T1",0.719,"20241214_MV_MarHE_Dip_02_29.5_T1_deep"
35.5,37.81,40.28,"MarHE_Dip_T1_3",20241214,"MV","MarHE","Dip",3,"deep",39.5,"T1",0.07,"20241214_MV_MarHE_Dip_03_39.5_T1_deep"
35.5,37.81,40.28,"MarHE_Dip_T1_3",20241214,"MV","MarHE","Dip",3,"deep",37,"T1",0.47,"20241214_MV_MarHE_Dip_03_37_T1_deep"
35.5,37.81,40.28,"MarHE_Dip_T1_3",20241214,"MV","MarHE","Dip",3,"deep",34,"T1",0.593,"20241214_MV_MarHE_Dip_03_34_T1_deep"
35.5,37.81,40.28,"MarHE_Dip_T1_3",20241214,"MV","MarHE","Dip",3,"deep",29.5,"T1",0.673,"20241214_MV_MarHE_Dip_03_29.5_T1_deep"
34.93,37.69,40.66,"MarHE_Dip_T1_4",20241214,"MV","MarHE","Dip",4,"deep",39.5,"T1",0.086,"20241214_MV_MarHE_Dip_04_39.5_T1_deep"
34.93,37.69,40.66,"MarHE_Dip_T1_4",20241214,"MV","MarHE","Dip",4,"deep",37,"T1",0.477,"20241214_MV_MarHE_Dip_04_37_T1_deep"
34.93,37.69,40.66,"MarHE_Dip_T1_4",20241214,"MV","MarHE","Dip",4,"deep",34,"T1",0.626,"20241214_MV_MarHE_Dip_04_34_T1_deep"
34.93,37.69,40.66,"MarHE_Dip_T1_4",20241214,"MV","MarHE","Dip",4,"deep",29.5,"T1",0.746,"20241214_MV_MarHE_Dip_04_29.5_T1_deep"
35.65,37.24,38.9,"MarHE_Dip_T1_5",20241214,"MV","MarHE","Dip",5,"deep",39.5,"T1",0,"20241214_MV_MarHE_Dip_05_39.5_T1_deep"
35.65,37.24,38.9,"MarHE_Dip_T1_5",20241214,"MV","MarHE","Dip",5,"deep",37,"T1",0.418,"20241214_MV_MarHE_Dip_05_37_T1_deep"
35.65,37.24,38.9,"MarHE_Dip_T1_5",20241214,"MV","MarHE","Dip",5,"deep",34,"T1",0.603,"20241214_MV_MarHE_Dip_05_34_T1_deep"
35.65,37.24,38.9,"MarHE_Dip_T1_5",20241214,"MV","MarHE","Dip",5,"deep",29.5,"T1",0.767,"20241214_MV_MarHE_Dip_05_29.5_T1_deep"
33.26,36.64,40.35,"MarHE_Dip_T1_6",20241214,"MV","MarHE","Dip",6,"deep",39.5,"T1",0.045,"20241214_MV_MarHE_Dip_06_39.5_T1_deep"
33.26,36.64,40.35,"MarHE_Dip_T1_6",20241214,"MV","MarHE","Dip",6,"deep",37,"T1",0.281,"20241214_MV_MarHE_Dip_06_37_T1_deep"
33.26,36.64,40.35,"MarHE_Dip_T1_6",20241214,"MV","MarHE","Dip",6,"deep",34,"T1",0.571,"20241214_MV_MarHE_Dip_06_34_T1_deep"
33.26,36.64,40.35,"MarHE_Dip_T1_6",20241214,"MV","MarHE","Dip",6,"deep",29.5,"T1",0.648,"20241214_MV_MarHE_Dip_06_29.5_T1_deep"
34,36.98,40.21,"MarHE_Dip_T1_7",20241214,"MV","MarHE","Dip",7,"deep",39.5,"T1",0.077,"20241214_MV_MarHE_Dip_07_39.5_T1_deep"
34,36.98,40.21,"MarHE_Dip_T1_7",20241214,"MV","MarHE","Dip",7,"deep",37,"T1",0.287,"20241214_MV_MarHE_Dip_07_37_T1_deep"
34,36.98,40.21,"MarHE_Dip_T1_7",20241214,"MV","MarHE","Dip",7,"deep",34,"T1",0.607,"20241214_MV_MarHE_Dip_07_34_T1_deep"
34,36.98,40.21,"MarHE_Dip_T1_7",20241214,"MV","MarHE","Dip",7,"deep",29.5,"T1",0.582,"20241214_MV_MarHE_Dip_07_29.5_T1_deep"
32.74,37.27,42.42,"MarHE_Dip_T1_8",20241214,"MV","MarHE","Dip",8,"deep",37,"T1",0.358,"20241214_MV_MarHE_Dip_08_37_T1_deep"
32.74,37.27,42.42,"MarHE_Dip_T1_8",20241214,"MV","MarHE","Dip",8,"deep",34,"T1",0.589,"20241214_MV_MarHE_Dip_08_34_T1_deep"
32.74,37.27,42.42,"MarHE_Dip_T1_8",20241214,"MV","MarHE","Dip",8,"deep",29.5,"T1",0.659,"20241214_MV_MarHE_Dip_08_29.5_T1_deep"
35.84,37.37,38.96,"MarHE_Dip_T2_1",20241214,"MV","MarHE","Dip",1,"deep",39.5,"T2",0.012,"20241214_MV_MarHE_Dip_01_39.5_T2_deep"
35.84,37.37,38.96,"MarHE_Dip_T2_1",20241214,"MV","MarHE","Dip",1,"deep",37,"T2",0.378,"20241214_MV_MarHE_Dip_01_37_T2_deep"
35.84,37.37,38.96,"MarHE_Dip_T2_1",20241214,"MV","MarHE","Dip",1,"deep",34,"T2",0.579,"20241214_MV_MarHE_Dip_01_34_T2_deep"
35.84,37.37,38.96,"MarHE_Dip_T2_1",20241214,"MV","MarHE","Dip",1,"deep",29.5,"T2",0.553,"20241214_MV_MarHE_Dip_01_29.5_T2_deep"
34.45,37.84,41.58,"MarHE_Dip_T2_2",20241214,"MV","MarHE","Dip",2,"deep",39.5,"T2",0.132,"20241214_MV_MarHE_Dip_02_39.5_T2_deep"
34.45,37.84,41.58,"MarHE_Dip_T2_2",20241214,"MV","MarHE","Dip",2,"deep",37,"T2",0.401,"20241214_MV_MarHE_Dip_02_37_T2_deep"
34.45,37.84,41.58,"MarHE_Dip_T2_2",20241214,"MV","MarHE","Dip",2,"deep",34,"T2",0.611,"20241214_MV_MarHE_Dip_02_34_T2_deep"
34.45,37.84,41.58,"MarHE_Dip_T2_2",20241214,"MV","MarHE","Dip",2,"deep",29.5,"T2",0.592,"20241214_MV_MarHE_Dip_02_29.5_T2_deep"
36.84,38.06,39.31,"MarHE_Dip_T2_3",20241214,"MV","MarHE","Dip",3,"deep",39.5,"T2",0.019,"20241214_MV_MarHE_Dip_03_39.5_T2_deep"
36.84,38.06,39.31,"MarHE_Dip_T2_3",20241214,"MV","MarHE","Dip",3,"deep",37,"T2",0.538,"20241214_MV_MarHE_Dip_03_37_T2_deep"
36.84,38.06,39.31,"MarHE_Dip_T2_3",20241214,"MV","MarHE","Dip",3,"deep",34,"T2",0.581,"20241214_MV_MarHE_Dip_03_34_T2_deep"
36.84,38.06,39.31,"MarHE_Dip_T2_3",20241214,"MV","MarHE","Dip",3,"deep",29.5,"T2",0.579,"20241214_MV_MarHE_Dip_03_29.5_T2_deep"
36.98,38.19,39.45,"MarHE_Dip_T2_4",20241214,"MV","MarHE","Dip",4,"deep",39.5,"T2",0.027,"20241214_MV_MarHE_Dip_04_39.5_T2_deep"
36.98,38.19,39.45,"MarHE_Dip_T2_4",20241214,"MV","MarHE","Dip",4,"deep",37,"T2",0.574,"20241214_MV_MarHE_Dip_04_37_T2_deep"
36.98,38.19,39.45,"MarHE_Dip_T2_4",20241214,"MV","MarHE","Dip",4,"deep",34,"T2",0.602,"20241214_MV_MarHE_Dip_04_34_T2_deep"
36.98,38.19,39.45,"MarHE_Dip_T2_4",20241214,"MV","MarHE","Dip",4,"deep",29.5,"T2",0.61,"20241214_MV_MarHE_Dip_04_29.5_T2_deep"
36,37.63,39.34,"MarHE_Dip_T2_5",20241214,"MV","MarHE","Dip",5,"deep",39.5,"T2",0.023,"20241214_MV_MarHE_Dip_05_39.5_T2_deep"
36,37.63,39.34,"MarHE_Dip_T2_5",20241214,"MV","MarHE","Dip",5,"deep",37,"T2",0.452,"20241214_MV_MarHE_Dip_05_37_T2_deep"
36,37.63,39.34,"MarHE_Dip_T2_5",20241214,"MV","MarHE","Dip",5,"deep",34,"T2",0.596,"20241214_MV_MarHE_Dip_05_34_T2_deep"
36,37.63,39.34,"MarHE_Dip_T2_5",20241214,"MV","MarHE","Dip",5,"deep",29.5,"T2",0.601,"20241214_MV_MarHE_Dip_05_29.5_T2_deep"
35.2,37.4,39.75,"MarHE_Dip_T2_6",20241214,"MV","MarHE","Dip",6,"deep",39.5,"T2",0.034,"20241214_MV_MarHE_Dip_06_39.5_T2_deep"
35.2,37.4,39.75,"MarHE_Dip_T2_6",20241214,"MV","MarHE","Dip",6,"deep",37,"T2",0.344,"20241214_MV_MarHE_Dip_06_37_T2_deep"
35.2,37.4,39.75,"MarHE_Dip_T2_6",20241214,"MV","MarHE","Dip",6,"deep",34,"T2",0.529,"20241214_MV_MarHE_Dip_06_34_T2_deep"
35.2,37.4,39.75,"MarHE_Dip_T2_6",20241214,"MV","MarHE","Dip",6,"deep",29.5,"T2",0.556,"20241214_MV_MarHE_Dip_06_29.5_T2_deep"
36.98,38.26,39.59,"MarHE_Dip_T2_7",20241214,"MV","MarHE","Dip",7,"deep",39.5,"T2",0.032,"20241214_MV_MarHE_Dip_07_39.5_T2_deep"
36.98,38.26,39.59,"MarHE_Dip_T2_7",20241214,"MV","MarHE","Dip",7,"deep",37,"T2",0.501,"20241214_MV_MarHE_Dip_07_37_T2_deep"
36.98,38.26,39.59,"MarHE_Dip_T2_7",20241214,"MV","MarHE","Dip",7,"deep",34,"T2",0.584,"20241214_MV_MarHE_Dip_07_34_T2_deep"
36.98,38.26,39.59,"MarHE_Dip_T2_7",20241214,"MV","MarHE","Dip",7,"deep",29.5,"T2",0.474,"20241214_MV_MarHE_Dip_07_29.5_T2_deep"
33.92,40.37,48.04,"MarHE_Dip_T2_8",20241214,"MV","MarHE","Dip",8,"deep",37,"T2",0.484,"20241214_MV_MarHE_Dip_08_37_T2_deep"
33.92,40.37,48.04,"MarHE_Dip_T2_8",20241214,"MV","MarHE","Dip",8,"deep",34,"T2",0.564,"20241214_MV_MarHE_Dip_08_34_T2_deep"
33.92,40.37,48.04,"MarHE_Dip_T2_8",20241214,"MV","MarHE","Dip",8,"deep",29.5,"T2",0.592,"20241214_MV_MarHE_Dip_08_29.5_T2_deep"
